carID;color;type;mark;year;VIN;client;workers
1;Khaki;GS;Lexus;1998;KNADH4A32A6350851;Client{clientID=1, name='Nola', last_name='Collumbine', phone=2386566503};workers
2;Maroon;S8;Audi;2006;SALVN2BG0FH316384;Client{clientID=2, name='Marleen', last_name='Jeavons', phone=6653128448};workers
3;Puce;Galant;Mitsubishi;1993;JN1BJ0HPXDM756721;Client{clientID=3, name='Cameron', last_name='Glenton', phone=4237319282};workers
4;Pink;Charger;Dodge;2011;WBAWV135X9P471485;Client{clientID=1, name='Nola', last_name='Collumbine', phone=2386566503};workers
5;Aquamarine;Explorer;Ford;2003;YV1902AH4E1761925;Client{clientID=2, name='Marleen', last_name='Jeavons', phone=6653128448};workers
6;Turquoise;Gallardo;Lamborghini;2009;WAUKH78E48A659714;Client{clientID=3, name='Cameron', last_name='Glenton', phone=4237319282};workers
7;Puce;Sonata;Hyundai;2011;JM1GJ1T64F1362305;Client{clientID=4, name='Lindy', last_name='Alger', phone=3898255792};workers
8;Red;Boxster;Porsche;2008;1G6AC5S34F0855845;Client{clientID=2, name='Marleen', last_name='Jeavons', phone=6653128448};workers
9;Red;S8;Audi;2003;1GD01ZCG7EF748447;Client{clientID=4, name='Lindy', last_name='Alger', phone=3898255792};workers
10;Green;MX-3;Mazda;1994;WAUNF98P08A008726;Client{clientID=1, name='Nola', last_name='Collumbine', phone=2386566503};workers
11;Puce;RX-7;Mazda;1986;2C3CDXGJ2EH662758;Client{clientID=4, name='Lindy', last_name='Alger', phone=3898255792};workers
12;Blue;1500;GMC;1997;WBAPH5C58BA887711;Client{clientID=3, name='Cameron', last_name='Glenton', phone=4237319282};workers
13;Teal;RX;Lexus;2000;1G6DG577X90030698;Client{clientID=4, name='Lindy', last_name='Alger', phone=3898255792};workers
14;Maroon;Grand Prix;Pontiac;2006;5NPDH4AE1EH020988;Client{clientID=1, name='Nola', last_name='Collumbine', phone=2386566503};workers
15;Orange;Pathfinder;Nissan;2010;1C4SDJCT0DC907263;Client{clientID=2, name='Marleen', last_name='Jeavons', phone=6653128448};workers
16;Violet;Crown Victoria;Ford;2007;WAUFFAFL0AN553555;Client{clientID=3, name='Cameron', last_name='Glenton', phone=4237319282};workers
17;Pink;Eurovan;Volkswagen;1995;WA1LMAFE8BD643938;Client{clientID=1, name='Nola', last_name='Collumbine', phone=2386566503};workers
18;Crimson;G-Series G20;Chevrolet;1994;WP0AA2A95BS657569;Client{clientID=2, name='Marleen', last_name='Jeavons', phone=6653128448};workers
19;Green;Amanti;Kia;2009;5GAKVBKD9FJ001979;Client{clientID=3, name='Cameron', last_name='Glenton', phone=4237319282};workers
20;Green;Amanti;Kia;2009;5GAKVBKD9FJ001970;Client{clientID=2, name='Marleen', last_name='Jeavons', phone=6653128448};workers
1;Khaki;GS;Lexus;1998;KNADH4A32A6350851;Client{clientID=1, name='Nola', last_name='Collumbine', phone=2386566503};workers
2;Maroon;S8;Audi;2006;SALVN2BG0FH316384;Client{clientID=2, name='Marlena', last_name='Jeavons', phone=6653128448};workers
3;Puce;Galant;Mitsubishi;1993;JN1BJ0HPXDM756721;Client{clientID=3, name='Cameron', last_name='Glenton', phone=4237319282};workers
4;Pink;Charger;Dodge;2011;WBAWV135X9P471485;Client{clientID=1, name='Nola', last_name='Collumbine', phone=2386566503};workers
5;Aquamarine;Explorer;Ford;2003;YV1902AH4E1761925;Client{clientID=2, name='Marlena', last_name='Jeavons', phone=6653128448};workers
6;Turquoise;Gallardo;Lamborghini;2009;WAUKH78E48A659714;Client{clientID=3, name='Cameron', last_name='Glenton', phone=4237319282};workers
7;Puce;Sonata;Hyundai;2011;JM1GJ1T64F1362305;Client{clientID=4, name='Lindy', last_name='Alger', phone=3898255792};workers
8;Red;Boxster;Porsche;2008;1G6AC5S34F0855845;Client{clientID=2, name='Marlena', last_name='Jeavons', phone=6653128448};workers
9;Red;S8;Audi;2003;1GD01ZCG7EF748447;Client{clientID=4, name='Lindy', last_name='Alger', phone=3898255792};workers
10;Green;MX-3;Mazda;1994;WAUNF98P08A008726;Client{clientID=1, name='Nola', last_name='Collumbine', phone=2386566503};workers
11;Puce;RX-7;Mazda;1986;2C3CDXGJ2EH662758;Client{clientID=4, name='Lindy', last_name='Alger', phone=3898255792};workers
12;Blue;1500;GMC;1997;WBAPH5C58BA887711;Client{clientID=3, name='Cameron', last_name='Glenton', phone=4237319282};workers
13;Teal;RX;Lexus;2000;1G6DG577X90030698;Client{clientID=4, name='Lindy', last_name='Alger', phone=3898255792};workers
14;Maroon;Grand Prix;Pontiac;2006;5NPDH4AE1EH020988;Client{clientID=1, name='Nola', last_name='Collumbine', phone=2386566503};workers
15;Orange;Pathfinder;Nissan;2010;1C4SDJCT0DC907263;Client{clientID=2, name='Marlena', last_name='Jeavons', phone=6653128448};workers
16;Violet;Crown Victoria;Ford;2007;WAUFFAFL0AN553555;Client{clientID=3, name='Cameron', last_name='Glenton', phone=4237319282};workers
17;Pink;Eurovan;Volkswagen;1995;WA1LMAFE8BD643938;Client{clientID=1, name='Nola', last_name='Collumbine', phone=2386566503};workers
18;Crimson;G-Series G20;Chevrolet;1994;WP0AA2A95BS657569;Client{clientID=2, name='Marlena', last_name='Jeavons', phone=6653128448};workers
19;Green;Amanti;Kia;2009;5GAKVBKD9FJ001979;Client{clientID=3, name='Cameron', last_name='Glenton', phone=4237319282};workers
20;Green;Amanti;Kia;2009;5GAKVBKD9FJ001970;Client{clientID=2, name='Marlena', last_name='Jeavons', phone=6653128448};workers
1;Khaki;GS;Lexus;1998;KNADH4A32A6350851;Client{clientID=1, name='Nola', last_name='Collumbine', phone=2386566503};workers
2;Maroon;S8;Audi;2006;SALVN2BG0FH316384;Client{clientID=2, name='Marlena', last_name='Jeavons', phone=6653128448};workers
3;Puce;Galant;Mitsubishi;1993;JN1BJ0HPXDM756721;Client{clientID=3, name='Cameron', last_name='Glenton', phone=4237319282};workers
4;Pink;Charger;Dodge;2011;WBAWV135X9P471485;Client{clientID=1, name='Nola', last_name='Collumbine', phone=2386566503};workers
5;Aquamarine;Explorer;Ford;2003;YV1902AH4E1761925;Client{clientID=2, name='Marlena', last_name='Jeavons', phone=6653128448};workers
6;Turquoise;Gallardo;Lamborghini;2009;WAUKH78E48A659714;Client{clientID=3, name='Cameron', last_name='Glenton', phone=4237319282};workers
7;Puce;Sonata;Hyundai;2011;JM1GJ1T64F1362305;Client{clientID=4, name='Lindy', last_name='Alger', phone=3898255792};workers
8;Red;Boxster;Porsche;2008;1G6AC5S34F0855845;Client{clientID=2, name='Marlena', last_name='Jeavons', phone=6653128448};workers
9;Red;S8;Audi;2003;1GD01ZCG7EF748447;Client{clientID=4, name='Lindy', last_name='Alger', phone=3898255792};workers
10;Green;MX-3;Mazda;1994;WAUNF98P08A008726;Client{clientID=1, name='Nola', last_name='Collumbine', phone=2386566503};workers
11;Puce;RX-7;Mazda;1986;2C3CDXGJ2EH662758;Client{clientID=4, name='Lindy', last_name='Alger', phone=3898255792};workers
12;Blue;1500;GMC;1997;WBAPH5C58BA887711;Client{clientID=3, name='Cameron', last_name='Glenton', phone=4237319282};workers
13;Teal;RX;Lexus;2000;1G6DG577X90030698;Client{clientID=4, name='Lindy', last_name='Alger', phone=3898255792};workers
14;Maroon;Grand Prix;Pontiac;2006;5NPDH4AE1EH020988;Client{clientID=1, name='Nola', last_name='Collumbine', phone=2386566503};workers
15;Orange;Pathfinder;Nissan;2010;1C4SDJCT0DC907263;Client{clientID=2, name='Marlena', last_name='Jeavons', phone=6653128448};workers
16;Violet;Crown Victoria;Ford;2007;WAUFFAFL0AN553555;Client{clientID=3, name='Cameron', last_name='Glenton', phone=4237319282};workers
17;Pink;Eurovan;Volkswagen;1995;WA1LMAFE8BD643938;Client{clientID=1, name='Nola', last_name='Collumbine', phone=2386566503};workers
18;Crimson;G-Series G20;Chevrolet;1994;WP0AA2A95BS657569;Client{clientID=2, name='Marlena', last_name='Jeavons', phone=6653128448};workers
19;Green;Amanti;Kia;2009;5GAKVBKD9FJ001979;Client{clientID=3, name='Cameron', last_name='Glenton', phone=4237319282};workers
20;Green;Amanti;Kia;2009;5GAKVBKD9FJ001970;Client{clientID=2, name='Marlena', last_name='Jeavons', phone=6653128448};workers
